"Method","Missing_Rate","Average_MSE","Average_Accuracy","Best_K_Value"
"MICE",0.05,0.0928284764654829,0.987380952380952,NA
"RandomForest",0.05,0.0251190138136794,0.993571428571429,NA
"MICE",0.1,0.178019035853071,0.975,NA
"RandomForest",0.1,0.113301660746163,0.98452380952381,NA
"MICE",0.15,0.172702057375053,0.954047619047619,NA
"RandomForest",0.15,0.116739029684532,0.972619047619048,NA
"MICE",0.2,0.295395773460468,0.941904761904762,NA
"RandomForest",0.2,0.168480172531103,0.964285714285714,NA
